musician band iron wine archives series volume 1 iron wine indiewire premieres iron wine video summer 95 album archive series volume 1 directed erin elders jeff tomcho staring david dastmalchian iron wine announcement august 11 belly aspen ticket pre sale starts 12noon mdt password archive sensitive iron wine annual midwives benefit concert returns austin paramount theatre july 17 tickets sale thursday april 23 iron wine spring tour begins week gregory alan isakov supporting kansas city ambient inks limited edition tour poster merch table night tour dates ticket links iron wine spring tour april 23 kansas city mo april 24 columbia mo sold april 25 rock ar sold april 26 oxford ms free april 27 jackson ms sold april 27 jackson ms late april 28 dallas tx sold april 29 tulsa 1 laramie wy iron wine ben bridwell band horses summer tour sale tour dates ticket dates version bullet proof soul album covers sing mouth streaming listen iron wine ben bridwell summer tour 20 july atlanta ga 21 july charlotte nc 23 july york ny 24 july newport folk festival 25 26 july mopop festival detroit 27 july pittsburgh pa 28 july philadelphia pa 31 july 02 august osheaga montreal festivals sale iron wine ben bridwell band horses performed night late david letterman watch song 12 covers collaborative album sing mouth due july 17 itunes preorder ticket pre sale iron wine ben bridwell band horses summer tour begins password coyote 20 july atlanta ga 21 july charlotte nc 23 july york ny 24 july newport folk festival 25 26 july mopop festival detroit 27 july pittsburgh pa 28 july philadelphia pa 31 july 02 august osheaga montreal ticket sale begins friday pittsburgh ticket sale begins saturday festivals sale celebration iron wine ben bridwell band horses performance tonight late david letterman album cover songs sing mouth pre itunes cover painting todd bienvenu tonight tune late david letterman iron wine ben bridwell band horses collaborative performance cbs 11 35 10 35central july catch sam ben band tour dates sale week 20 july atlanta ga 21 july charlotte nc 23 july york ny 24 july newport folk festival 25 26 july mopop festival detroit 27 july pittsburgh pa 28 july philadelphia pa 31 july 02 august osheaga montreal april tour starts week kansas city mo columbia mo rock ar oxford ms jackson ms dallas tx tulsa shortly