musician band tour dates www lamb god www instagram lambofgod www twitter lambofgod lamb god lambofgodvii lambofgodvii playing kisw 99 9 rock pain grass tickets friday 10am pain2015 tickets summer stand tour 13 code thirteen heavy montr al 2015 weekend passes sale march 13 1pm heavymontreal2015 summer stand tour slipknot lamb god bullet valentine motionless white sale friday january 30 july 24 west palm beach fl july 25 tampa fl july 26 atlanta ga july 28 detroit mi july 29 darien center ny july 31 saratoga springs ny aug 1 wantagh ny aug 2 hartford ct aug 4 boston ma aug 5 holmdel nj aug 6 pittsburgh pa aug 8 toronto aug 11 washington dc aug 12 virginia beach va aug 14 indianapolis aug 15 chicago il aug 16 st louis mo aug 19 denver aug 21 salt lake city ut aug 24 vancouver bc aug 26 concord ca aug 28 las vegas nv sale tbd aug 29 phoenix az aug 30 albuquerque nm sept 2 austin tx sept 4 houston tx sept 5 dallas tx sale tbd france hellfest air festival 19 21 june 2015 limited amount autographed poster palaces burn dvd bundles